line,property,value,px_literals,also_uses_space_token,source
417,gap,12px,12px,False,style-block
437,padding,var(--space-2) 22px var(--space-2) 21px,22px|21px,True,style-block
449,padding,3px,3px,False,style-block
484,gap,1px,1px,False,style-block
484,padding,4px,4px,False,style-block
492,padding,4px 7px,4px|7px,False,style-block
538,padding,2px 8px,2px|8px,False,style-block
539,padding,2px 8px,2px|8px,False,style-block
548,padding,3px 26px 3px 10px,3px|26px|3px|10px,False,style-block
549,padding,3px,3px,False,style-block
704,gap,6px,6px,False,style-block
921,gap,6px,6px,False,style-block
922,padding,1px 5px,1px|5px,False,style-block
931,gap,5px,5px,False,style-block
933,padding,7px 8px,7px|8px,False,style-block
935,gap,8px,8px,False,style-block
954,padding,0 12px 10px,12px|10px,False,style-block
954,gap,6px,6px,False,style-block
1200,margin,10px 0 4px,10px|4px,False,style-block
1202,padding,4px,4px,False,style-block
1204,gap,6px,6px,False,style-block
1206,padding,4px 6px,4px|6px,False,style-block
1221,padding,var(--space-2) 24px var(--space-2) var(--space-3),24px,True,style-block
1243,gap,10px,10px,False,style-block
1245,gap,6px,6px,False,style-block
1247,gap,12px,12px,False,style-block
1248,gap,6px,6px,False,style-block
1249,gap,6px,6px,False,style-block
1250,gap,10px,10px,False,style-block
1251,gap,10px,10px,False,style-block
1252,gap,4px,4px,False,style-block
1253,gap,6px,6px,False,style-block
1254,gap,6px,6px,False,style-block
1258,padding,2px 6px,2px|6px,False,style-block
1276,padding,2px 4px,2px|4px,False,style-block
1284,padding,2px 0,2px,False,style-block
1341,padding,3px 10px,3px|10px,False,style-block
1346,gap,8px,8px,False,style-block
1349,gap,5px,5px,False,style-block
1360,padding,3px var(--ctl-pad-x),3px,False,style-block
1373,padding,6px 10px 4px,6px|10px|4px,False,style-block
1373,gap,3px,3px,False,style-block
1374,gap,6px 18px,6px|18px,False,style-block
1387,padding,1px 3px,1px|3px,False,style-block
1387,margin,-1px 0 -1px -3px,1px|1px|3px,False,style-block
1393,padding,1px 6px,1px|6px,False,style-block
1397,gap,4px 18px,4px|18px,False,style-block
1398,gap,16px,16px,False,style-block
1401,gap,10px,10px,False,style-block
1405,gap,5px,5px,False,style-block
1412,gap,6px,6px,False,style-block
1455,padding,3px 4px,3px|4px,False,style-block
1464,padding,2px 2px,2px|2px,False,style-block
1477,padding,4px 5px,4px|5px,False,style-block
1479,padding,3px 8px,3px|8px,False,style-block
1488,padding,2px 8px,2px|8px,False,style-block
1511,gap,9px,9px,False,style-block
1514,padding,0 2px,2px,False,style-block
1540,margin,6px 0 6px,6px|6px,False,style-block
1542,gap,5px,5px,False,style-block
1585,padding,16px,16px,False,style-block
1589,padding,14px,14px,False,style-block
1593,margin,8px 0 6px,8px|6px,False,style-block
1594,padding,5px 7px,5px|7px,False,style-block
1597,gap,1px,1px,False,style-block
1598,gap,7px,7px,False,style-block
1598,padding,5px 6px,5px|6px,False,style-block
1605,gap,6px,6px,False,style-block
1609,padding,3px 6px,3px|6px,False,style-block
1618,padding,0 3px,3px,False,style-block
1636,padding,3px,3px,False,style-block
1638,gap,8px,8px,False,style-block
1638,padding,9px 10px,9px|10px,False,style-block
1643,padding,2px 3px,2px|3px,False,style-block
1644,padding,2px 4px,2px|4px,False,style-block
1646,padding,0 3px,3px,False,style-block
1647,padding,2px 4px,2px|4px,False,style-block
1649,padding,2px 4px,2px|4px,False,style-block
1650,padding,1px 5px,1px|5px,False,style-block
1654,padding,2px 4px,2px|4px,False,style-block
1655,padding,2px 4px,2px|4px,False,style-block
1656,padding,2px 4px,2px|4px,False,style-block
1657,padding,2px 4px,2px|4px,False,style-block
1665,padding,1px 0,1px,False,style-block
1761,padding,2px 3px,2px|3px,False,style-block
1762,gap,3px,3px,False,style-block
1765,padding,2px 3px,2px|3px,False,style-block
1773,padding,0 3px,3px,False,style-block
1792,padding,4px 6px,4px|6px,False,style-block
1796,padding,4px 0,4px,False,style-block
1827,padding,4px 6px,4px|6px,False,style-block
1853,padding,8px 10px,8px|10px,False,style-block
1854,gap,12px,12px,False,style-block
1856,gap,4px,4px,False,style-block
1858,gap,8px,8px,False,style-block
1876,gap,6px,6px,False,style-block
1877,gap,2px,2px,False,style-block
1878,padding,2px 4px,2px|4px,False,style-block
1879,gap,8px,8px,False,style-block
1886,padding,6px 10px,6px|10px,False,style-block
1889,padding,3px 6px,3px|6px,False,style-block
1890,padding,2px 6px,2px|6px,False,style-block
1917,padding,5px 9px,5px|9px,False,style-block
1918,gap,5px,5px,False,style-block
1928,padding,6px 8px 8px,6px|8px|8px,False,style-block
1931,padding,4px,4px,False,style-block
1934,padding,6px,6px,False,style-block
1935,gap,6px,6px,False,style-block
1936,padding,3px 6px,3px|6px,False,style-block
1952,padding,1.5px 2px,1.5px|2px,False,style-block
1982,padding,14px 16px 13px,14px|16px|13px,False,style-block
1986,gap,9px,9px,False,style-block
1988,gap,6px,6px,False,style-block
1990,gap,3px,3px,False,style-block
1993,padding,4px 6px,4px|6px,False,style-block
1995,gap,8px,8px,False,style-block
1998,gap,6px,6px,False,style-block
2003,padding,14px 16px,14px|16px,False,style-block
2018,padding,14px 16px 13px,14px|16px|13px,False,style-block
2033,padding,3px,3px,False,style-block
2033,margin,-3px 0 0 -3px,3px|3px,False,style-block
2092,padding,var(--space-2) 7px,7px,True,style-block
2097,padding,5px 7px 2px,5px|7px|2px,False,style-block
2102,padding,3px 7px,3px|7px,False,style-block
2121,margin,var(--space-2) 0 2px,2px,True,style-block
2128,gap,10px,10px,False,style-block
2131,padding,1px 2px 1px 9px,1px|2px|1px|9px,False,style-block
2137,gap,6px,6px,False,style-block
2138,padding,2px 4px,2px|4px,False,style-block
2154,gap,10px,10px,False,style-block
2184,padding,1px 6px,1px|6px,False,style-block
2190,gap,1px,1px,False,style-block
2190,padding,1px 3px,1px|3px,False,style-block
2203,column-gap,12px,12px,False,style-block
2204,padding,9px 0 0,9px,False,style-block
2217,padding,6px 7px,6px|7px,False,style-block
2226,gap,8px,8px,False,style-block
2227,gap,2px,2px,False,style-block
2231,padding,3px 4px,3px|4px,False,style-block
2238,gap,6px 16px,6px|16px,False,style-block
2239,gap,6px,6px,False,style-block
3386,padding,4px 5px,4px|5px,False,inline-style
3387,padding,4px 5px,4px|5px,False,inline-style
3388,padding,4px 5px,4px|5px,False,inline-style
3389,padding,4px 5px,4px|5px,False,inline-style
3390,padding,4px 5px,4px|5px,False,inline-style
3391,padding,4px 5px,4px|5px,False,inline-style
3392,padding,4px 5px,4px|5px,False,inline-style
3393,padding,4px 5px,4px|5px,False,inline-style
3394,padding,4px 5px,4px|5px,False,inline-style
3395,padding,4px 5px,4px|5px,False,inline-style
8399,gap,8px,8px,False,inline-style
